"Name","Length","FullName"
"1_skane_land.zip","1008797868","D:\GEodata\1_skane_land.zip"
"2025-151-1.zip","1506835088","D:\GEodata\2025-151-1.zip"
"2025-187-1.zip","289793670","D:\GEodata\2025-187-1.zip"
"2025-259-2.zip","873494298","D:\GEodata\2025-259-2.zip"
"AI_och_Sveriges_byggavfall.mp4","50722490","D:\GEodata\AI_och_Sveriges_byggavfall.mp4"
"Avrinningsomr?de egenskaper  vattenkemi.zip","159282766","D:\GEodata\Avrinningsomr?de egenskaper  vattenkemi.zip"
"backscatter (1).zip","23766082","D:\GEodata\backscatter (1).zip"
"backscatter.zip","10903190","D:\GEodata\backscatter.zip"
"bergartskemi.zip","70871531","D:\GEodata\bergartskemi.zip"
"bergets-alder.zip","2398401","D:\GEodata\bergets-alder.zip"
"berggrund1miljon.zip","12086613","D:\GEodata\berggrund1miljon.zip"
"berggrund50k-250k (1).zip","483493355","D:\GEodata\berggrund50k-250k (1).zip"
"berggrund50k-250k.zip","483493355","D:\GEodata\berggrund50k-250k.zip"
"berggrundsobservationer.zip","164841393","D:\GEodata\berggrundsobservationer.zip"
"bergkvalitet.zip","25330950","D:\GEodata\bergkvalitet.zip"
"biogeokemi-regional.zip","13418566","D:\GEodata\biogeokemi-regional.zip"
"biology (1).zip","123205586","D:\GEodata\biology (1).zip"
"biology.zip","77775754","D:\GEodata\biology.zip"
"borrhal.zip","3361908","D:\GEodata\borrhal.zip"
"borrhal_ccs.zip","171162","D:\GEodata\borrhal_ccs.zip"
"Brandriskdata_2022.zip","460490390","D:\GEodata\Brandriskdata_2022.zip"
"BU.Ruins.gfs","1550","D:\GEodata\BU.Ruins.gfs"
"BU.Ruins.gml","270580120","D:\GEodata\BU.Ruins.gml"
"ccs_area_of_interest.zip","15199","D:\GEodata\ccs_area_of_interest.zip"
"depth (1).zip","242790630","D:\GEodata\depth (1).zip"
"depth.zip","70762291","D:\GEodata\depth.zip"
"ER_FossilFuelResource_SGU_epsg3006.zip","350260","D:\GEodata\ER_FossilFuelResource_SGU_epsg3006.zip"
"Export_2026-05-21_18-35-18-750.csv","3373887","D:\GEodata\Export_2026-05-21_18-35-18-750.csv"
"Export_2026-05-21_18-35-50-104.xlsx","94225","D:\GEodata\Export_2026-05-21_18-35-50-104.xlsx"
"Fastighetsinformation.zip","3276235565","D:\GEodata\Fastighetsinformation.zip"
"fiberhaltiga-sediment (1).zip","738979","D:\GEodata\fiberhaltiga-sediment (1).zip"
"fiberhaltiga-sediment.zip","738979","D:\GEodata\fiberhaltiga-sediment.zip"
"forutsattningar-skred-finkornig-jordart.zip","354736394","D:\GEodata\forutsattningar-skred-finkornig-jordart.zip"
"genomslapplighet.zip","1744587763","D:\GEodata\genomslapplighet.zip"
"geofysik-flyg-em-slingram-detaljerad.zip","321759","D:\GEodata\geofysik-flyg-em-slingram-detaljerad.zip"
"geofysik-flyg-gammastralning-detaljerad.zip","446943","D:\GEodata\geofysik-flyg-gammastralning-detaljerad.zip"
"geofysik-flyg-magnetfalt-detaljerad.zip","668787","D:\GEodata\geofysik-flyg-magnetfalt-detaljerad.zip"
"geofysik-mark-markradar.zip","17906409","D:\GEodata\geofysik-mark-markradar.zip"
"geofysik-mark-seismik.zip","358325","D:\GEodata\geofysik-mark-seismik.zip"
"geofysik-mark-tyngdkraft.zip","28212306","D:\GEodata\geofysik-mark-tyngdkraft.zip"
"geokemisk-atlas-over-sverige.pdf","93124901","D:\GEodata\geokemisk-atlas-over-sverige.pdf"
"GE_SGU_Bedrock_1M_epsg3006.zip","13855870","D:\GEodata\GE_SGU_Bedrock_1M_epsg3006.zip"
"GE_SGU_Bedrock_50K-250K_epsg3006.zip","226010109","D:\GEodata\GE_SGU_Bedrock_50K-250K_epsg3006.zip"
"GE_SGU_Geophysics_epsg3006.zip","64248208","D:\GEodata\GE_SGU_Geophysics_epsg3006.zip"
"grundvattenforekomster.zip","44646703","D:\GEodata\grundvattenforekomster.zip"
"grundvattenkvalitet-analysresultat-provplatser-v2.zip","158037860","D:\GEodata\grundvattenkvalitet-analysresultat-provplatser-v2.zip"
"grundvattenmagasin.zip","83057267","D:\GEodata\grundvattenmagasin.zip"
"grundvattennivaer-observerade.zip","208901241","D:\GEodata\grundvattennivaer-observerade.zip"
"grus-krossberg.zip","7042050","D:\GEodata\grus-krossberg.zip"
"helcom_hub (1).zip","81747871","D:\GEodata\helcom_hub (1).zip"
"helcom_hub.zip","37799870","D:\GEodata\helcom_hub.zip"
"hydraulisk-konduktivitet-berg (1).zip","173850098","D:\GEodata\hydraulisk-konduktivitet-berg (1).zip"
"hydraulisk-konduktivitet-berg.zip","173850098","D:\GEodata\hydraulisk-konduktivitet-berg.zip"
"israfflor.zip","7606418","D:\GEodata\israfflor.zip"
"Jordartskrtering.pdf","2814224","D:\GEodata\Jordartskrtering.pdf"
"jorddjupsmodell.zip","1011371847","D:\GEodata\jorddjupsmodell.zip"
"jordskred-raviner.zip","7361843","D:\GEodata\jordskred-raviner.zip"
"kallor.zip","1861774","D:\GEodata\kallor.zip"
"klassificering-stangda-utvinningsavfallsanlaggningar.zip","7707625","D:\GEodata\klassificering-stangda-utvinningsavfallsanlaggningar.zip"
"klimatindikatorer-sgu-hype-omraden.zip","298901980","D:\GEodata\klimatindikatorer-sgu-hype-omraden.zip"
"Lastkajen2_API_Information.pdf","947518","D:\GEodata\Lastkajen2_API_Information.pdf"
"lm_import.ps1","3303","D:\GEodata\lm_import.ps1"
"lm_ogr2ogr_import.ps1","4860","D:\GEodata\lm_ogr2ogr_import.ps1"
"malmer-anrikningsverk.zip","557841","D:\GEodata\malmer-anrikningsverk.zip"
"marina-sedimentprov.zip","853286","D:\GEodata\marina-sedimentprov.zip"
"maringeologi25k.zip","24220920","D:\GEodata\maringeologi25k.zip"
"markgeokemi-regional.zip","29122064","D:\GEodata\markgeokemi-regional.zip"
"mbes_se_baltic_marine.zip","28142753","D:\GEodata\mbes_se_baltic_marine.zip"
"mbes_skane_marine.zip","150517182","D:\GEodata\mbes_skane_marine.zip"
"miljogifter-analysresultat-provplatser.zip","282093561","D:\GEodata\miljogifter-analysresultat-provplatser.zip"
"mineralrattigheter.zip","2525044","D:\GEodata\mineralrattigheter.zip"
"mineralresurser.zip","5203210","D:\GEodata\mineralresurser.zip"
"modaldata-varmeledningstal.zip","598061","D:\GEodata\modaldata-varmeledningstal.zip"
"natura_2000.zip","10889962","D:\GEodata\natura_2000.zip"
"petrofysik-gammastralning.zip","3928109","D:\GEodata\petrofysik-gammastralning.zip"
"sbp_skane_marine.zip","4112753","D:\GEodata\sbp_skane_marine.zip"
"sgu_ytsub (2).zip","4646052","D:\GEodata\sgu_ytsub (2).zip"
"sgu_ytsub.zip","2460796","D:\GEodata\sgu_ytsub.zip"
"stranderosion-kust.zip","111826656","D:\GEodata\stranderosion-kust.zip"
"stranders-jordart-eroderbarhet.zip","172846786","D:\GEodata\stranders-jordart-eroderbarhet.zip"
"strandforskjutningsmodell.zip","3521291825","D:\GEodata\strandforskjutningsmodell.zip"
"substrate (1).zip","240631356","D:\GEodata\substrate (1).zip"
"substrate.zip","156524260","D:\GEodata\substrate.zip"
"sur-sulfatjord.zip","70041827","D:\GEodata\sur-sulfatjord.zip"
"svaghetszoner.zip","677851","D:\GEodata\svaghetszoner.zip"
"tiff-jordartskartor.zip","25663503","D:\GEodata\tiff-jordartskartor.zip"
"Topo 250.zip","326056806","D:\GEodata\Topo 250.zip"
"Topo 50.zip","5369777980","D:\GEodata\Topo 50.zip"
"Topo1 milj.zip","24380081","D:\GEodata\Topo1 milj.zip"
"Topo10.zip","11864190798","D:\GEodata\Topo10.zip"
"Topo50.zip","5369778090","D:\GEodata\Topo50.zip"
"torvlagerfoljder.zip","1581950","D:\GEodata\torvlagerfoljder.zip"
"VARO_2016_8.xlsx","1684695","D:\GEodata\VARO_2016_8.xlsx"
