kommun,kommun_webb,diarie_url,diarie_typ,notes,source_url
Ale,http://www.ale.se/,,,,https://skr.se/kommunerochregioner/kommunerlista.8288.html
Alingsås,http://www.alingsas.se/,,,,https://skr.se/kommunerochregioner/kommunerlista.8288.html
Alvesta,http://www.alvesta.se/,,,,https://skr.se/kommunerochregioner/kommunerlista.8288.html
Aneby,http://www.aneby.se/,,,,https://skr.se/kommunerochregioner/kommunerlista.8288.html
Arboga,http://www.arboga.se/,,,,https://skr.se/kommunerochregioner/kommunerlista.8288.html
Arjeplog,http://www.arjeplog.se/,,,,https://skr.se/kommunerochregioner/kommunerlista.8288.html
Arvidsjaur,http://www.arvidsjaur.se/,,,,https://skr.se/kommunerochregioner/kommunerlista.8288.html
Arvika,http://www.arvika.se/,,,,https://skr.se/kommunerochregioner/kommunerlista.8288.html
Askersund,http://www.askersund.se/,,,,https://skr.se/kommunerochregioner/kommunerlista.8288.html
Avesta,http://www.avesta.se/,,,,https://skr.se/kommunerochregioner/kommunerlista.8288.html
Bengtsfors,http://www.bengtsfors.se/,,,,https://skr.se/kommunerochregioner/kommunerlista.8288.html
Berg,http://www.berg.se/,,,,https://skr.se/kommunerochregioner/kommunerlista.8288.html
Bjurholm,http://www.bjurholm.se/,,,,https://skr.se/kommunerochregioner/kommunerlista.8288.html
Bjuv,http://www.bjuv.se/,,,,https://skr.se/kommunerochregioner/kommunerlista.8288.html
Boden,http://www.boden.se/,,,,https://skr.se/kommunerochregioner/kommunerlista.8288.html
Bollebygd,http://www.bollebygd.se/,,,,https://skr.se/kommunerochregioner/kommunerlista.8288.html
Bollnäs,http://www.bollnas.se/,,,,https://skr.se/kommunerochregioner/kommunerlista.8288.html
Borgholm,http://www.borgholm.se/,,,,https://skr.se/kommunerochregioner/kommunerlista.8288.html
Borlänge,http://www.borlange.se/,,,,https://skr.se/kommunerochregioner/kommunerlista.8288.html
Borås,http://www.boras.se/,,,,https://skr.se/kommunerochregioner/kommunerlista.8288.html
Botkyrka,http://www.botkyrka.se/,,,,https://skr.se/kommunerochregioner/kommunerlista.8288.html
Boxholm,http://www.boxholm.se/,,,,https://skr.se/kommunerochregioner/kommunerlista.8288.html
Bromölla,http://www.bromolla.se/,,,,https://skr.se/kommunerochregioner/kommunerlista.8288.html
Bräcke,http://www.bracke.se/,,,,https://skr.se/kommunerochregioner/kommunerlista.8288.html
Burlöv,http://www.burlov.se/,,,,https://skr.se/kommunerochregioner/kommunerlista.8288.html
Båstad,http://www.bastad.se/,,,,https://skr.se/kommunerochregioner/kommunerlista.8288.html
Dals-Ed,http://www.dalsed.se/,,,,https://skr.se/kommunerochregioner/kommunerlista.8288.html
Danderyd,https://www.danderyd.se/,,,,https://skr.se/kommunerochregioner/kommunerlista.8288.html
Degerfors,http://www.degerfors.se/,,,,https://skr.se/kommunerochregioner/kommunerlista.8288.html
Dorotea,http://www.dorotea.se/,,,,https://skr.se/kommunerochregioner/kommunerlista.8288.html
Eda,http://www.eda.se/,,,,https://skr.se/kommunerochregioner/kommunerlista.8288.html
Ekerö,http://www.ekero.se/,,,,https://skr.se/kommunerochregioner/kommunerlista.8288.html
Eksjö,http://www.eksjo.se/,,,,https://skr.se/kommunerochregioner/kommunerlista.8288.html
Emmaboda,http://www.emmaboda.se/,,,,https://skr.se/kommunerochregioner/kommunerlista.8288.html
Enköping,http://www.enkoping.se/,,,,https://skr.se/kommunerochregioner/kommunerlista.8288.html
Eskilstuna,http://www.eskilstuna.se/,,,,https://skr.se/kommunerochregioner/kommunerlista.8288.html
Eslöv,http://www.eslov.se/,,,,https://skr.se/kommunerochregioner/kommunerlista.8288.html
Essunga,http://www.essunga.se/,,,,https://skr.se/kommunerochregioner/kommunerlista.8288.html
Fagersta,http://www.fagersta.se/,,,,https://skr.se/kommunerochregioner/kommunerlista.8288.html
Falkenberg,https://kommun.falkenberg.se/,,,,https://skr.se/kommunerochregioner/kommunerlista.8288.html
Falköping,http://www.falkoping.se/,,,,https://skr.se/kommunerochregioner/kommunerlista.8288.html
Falun,http://www.falun.se/,,,,https://skr.se/kommunerochregioner/kommunerlista.8288.html
Filipstad,http://www.filipstad.se/,,,,https://skr.se/kommunerochregioner/kommunerlista.8288.html
Finspång,http://www.finspang.se/,,,,https://skr.se/kommunerochregioner/kommunerlista.8288.html
Flen,http://www.flen.se/,,,,https://skr.se/kommunerochregioner/kommunerlista.8288.html
Forshaga,http://www.forshaga.se/,,,,https://skr.se/kommunerochregioner/kommunerlista.8288.html
Färgelanda,http://www.fargelanda.se/,,,,https://skr.se/kommunerochregioner/kommunerlista.8288.html
Gagnef,http://www.gagnef.se/,,,,https://skr.se/kommunerochregioner/kommunerlista.8288.html
Gislaved,http://www.gislaved.se/,,,,https://skr.se/kommunerochregioner/kommunerlista.8288.html
Gnesta,http://www.gnesta.se/,,,,https://skr.se/kommunerochregioner/kommunerlista.8288.html
Gnosjö,https://www.gnosjo.se/,,,,https://skr.se/kommunerochregioner/kommunerlista.8288.html
Gotland,http://www.gotland.se/,,,,https://skr.se/kommunerochregioner/kommunerlista.8288.html
Grums,http://www.grums.se/,,,,https://skr.se/kommunerochregioner/kommunerlista.8288.html
Grästorp,http://www.grastorp.se/,,,,https://skr.se/kommunerochregioner/kommunerlista.8288.html
Gullspång,http://www.gullspang.se/,,,,https://skr.se/kommunerochregioner/kommunerlista.8288.html
Gällivare,https://gallivare.se/,,,,https://skr.se/kommunerochregioner/kommunerlista.8288.html
Gävle,https://www.gavle.se/,,,,https://skr.se/kommunerochregioner/kommunerlista.8288.html
Göteborg,http://www.goteborg.se/,,,,https://skr.se/kommunerochregioner/kommunerlista.8288.html
Götene,https://www.gotene.se/,,,,https://skr.se/kommunerochregioner/kommunerlista.8288.html
Habo,http://www.habokommun.se/,,,,https://skr.se/kommunerochregioner/kommunerlista.8288.html
Hagfors,http://www.hagfors.se/,,,,https://skr.se/kommunerochregioner/kommunerlista.8288.html
Hallsberg,http://www.hallsberg.se/,,,,https://skr.se/kommunerochregioner/kommunerlista.8288.html
Hallstahammar,http://www.hallstahammar.se/,,,,https://skr.se/kommunerochregioner/kommunerlista.8288.html
Halmstad,http://www.halmstad.se/,,,,https://skr.se/kommunerochregioner/kommunerlista.8288.html
Hammarö,http://www.hammaro.se/,,,,https://skr.se/kommunerochregioner/kommunerlista.8288.html
Haninge,http://www.haninge.se/,,,,https://skr.se/kommunerochregioner/kommunerlista.8288.html
Haparanda,http://www.haparanda.se/,,,,https://skr.se/kommunerochregioner/kommunerlista.8288.html
Heby,http://www.heby.se/,,,,https://skr.se/kommunerochregioner/kommunerlista.8288.html
Hedemora,http://www.hedemora.se/,,,,https://skr.se/kommunerochregioner/kommunerlista.8288.html
Helsingborg,http://www.helsingborg.se/,,,,https://skr.se/kommunerochregioner/kommunerlista.8288.html
Herrljunga,https://www.herrljunga.se/,,,,https://skr.se/kommunerochregioner/kommunerlista.8288.html
Hjo,http://www.hjo.se/,,,,https://skr.se/kommunerochregioner/kommunerlista.8288.html
Hofors,http://www.hofors.se/,,,,https://skr.se/kommunerochregioner/kommunerlista.8288.html
Huddinge,http://www.huddinge.se/,,,,https://skr.se/kommunerochregioner/kommunerlista.8288.html
Hudiksvall,http://www.hudiksvall.se/,,,,https://skr.se/kommunerochregioner/kommunerlista.8288.html
Hultsfred,http://www.hultsfred.se/,,,,https://skr.se/kommunerochregioner/kommunerlista.8288.html
Hylte,http://www.hylte.se/,,,,https://skr.se/kommunerochregioner/kommunerlista.8288.html
Håbo,http://www.habo.se/,,,,https://skr.se/kommunerochregioner/kommunerlista.8288.html
Hällefors,http://www.hellefors.se/,,,,https://skr.se/kommunerochregioner/kommunerlista.8288.html
Härjedalen,http://www.herjedalen.se/,,,,https://skr.se/kommunerochregioner/kommunerlista.8288.html
Härnösand,https://www.harnosand.se/,,,,https://skr.se/kommunerochregioner/kommunerlista.8288.html
Härryda,http://www.harryda.se/,,,,https://skr.se/kommunerochregioner/kommunerlista.8288.html
Hässleholm,http://www.hassleholm.se/,,,,https://skr.se/kommunerochregioner/kommunerlista.8288.html
Höganäs,http://www.hoganas.se/,,,,https://skr.se/kommunerochregioner/kommunerlista.8288.html
Högsby,http://www.hogsby.se/,,,,https://skr.se/kommunerochregioner/kommunerlista.8288.html
Hörby,http://www.horby.se/,,,,https://skr.se/kommunerochregioner/kommunerlista.8288.html
Höör,http://www.hoor.se/,,,,https://skr.se/kommunerochregioner/kommunerlista.8288.html
Jokkmokk,http://www.jokkmokk.se/,,,,https://skr.se/kommunerochregioner/kommunerlista.8288.html
Järfälla,http://www.jarfalla.se/,,,,https://skr.se/kommunerochregioner/kommunerlista.8288.html
Jönköping,http://www.jonkoping.se/,,,,https://skr.se/kommunerochregioner/kommunerlista.8288.html
Kalix,http://www.kalix.se/,,,,https://skr.se/kommunerochregioner/kommunerlista.8288.html
Kalmar,http://www.kalmar.se/,,,,https://skr.se/kommunerochregioner/kommunerlista.8288.html
Karlsborg,http://www.karlsborg.se/,,,,https://skr.se/kommunerochregioner/kommunerlista.8288.html
Karlshamn,http://www.karlshamn.se/,,,,https://skr.se/kommunerochregioner/kommunerlista.8288.html
Karlskoga,https://www.karlskoga.se/,,,,https://skr.se/kommunerochregioner/kommunerlista.8288.html
Karlskrona,http://www.karlskrona.se/,,,,https://skr.se/kommunerochregioner/kommunerlista.8288.html
Karlstad,http://www.karlstad.se/,,,,https://skr.se/kommunerochregioner/kommunerlista.8288.html
Katrineholm,http://www.katrineholm.se/,,,,https://skr.se/kommunerochregioner/kommunerlista.8288.html
Kil,http://www.kil.se/,,,,https://skr.se/kommunerochregioner/kommunerlista.8288.html
Kinda,http://www.kinda.se/,,,,https://skr.se/kommunerochregioner/kommunerlista.8288.html
Kiruna,http://kiruna.se/,,,,https://skr.se/kommunerochregioner/kommunerlista.8288.html
Klippan,http://www.klippan.se/,,,,https://skr.se/kommunerochregioner/kommunerlista.8288.html
Knivsta,http://www.knivsta.se/,,,,https://skr.se/kommunerochregioner/kommunerlista.8288.html
Kramfors,http://www.kramfors.se/,,,,https://skr.se/kommunerochregioner/kommunerlista.8288.html
Kristianstad,https://www.kristianstad.se/,,,,https://skr.se/kommunerochregioner/kommunerlista.8288.html
Kristinehamn,http://www.kristinehamn.se/,,,,https://skr.se/kommunerochregioner/kommunerlista.8288.html
Krokom,http://www.krokom.se/,,,,https://skr.se/kommunerochregioner/kommunerlista.8288.html
Kumla,http://www.kumla.se/,,,,https://skr.se/kommunerochregioner/kommunerlista.8288.html
Kungsbacka,http://www.kungsbacka.se/,,,,https://skr.se/kommunerochregioner/kommunerlista.8288.html
Kungsör,http://www.kungsor.se/,,,,https://skr.se/kommunerochregioner/kommunerlista.8288.html
Kungälv,http://www.kungalv.se/,,,,https://skr.se/kommunerochregioner/kommunerlista.8288.html
Kävlinge,http://www.kavlinge.se/,,,,https://skr.se/kommunerochregioner/kommunerlista.8288.html
Köping,http://www.koping.se/,,,,https://skr.se/kommunerochregioner/kommunerlista.8288.html
Laholm,http://www.laholm.se/,,,,https://skr.se/kommunerochregioner/kommunerlista.8288.html
Landskrona,http://www.landskrona.se/,,,,https://skr.se/kommunerochregioner/kommunerlista.8288.html
Laxå,http://www.laxa.se/,,,,https://skr.se/kommunerochregioner/kommunerlista.8288.html
Lekeberg,http://www.lekeberg.se/,,,,https://skr.se/kommunerochregioner/kommunerlista.8288.html
Leksand,http://www.leksand.se/,,,,https://skr.se/kommunerochregioner/kommunerlista.8288.html
Lerum,http://www.lerum.se/,,,,https://skr.se/kommunerochregioner/kommunerlista.8288.html
Lessebo,http://www.lessebo.se/,,,,https://skr.se/kommunerochregioner/kommunerlista.8288.html
Lidingö,http://www.lidingo.se/,,,,https://skr.se/kommunerochregioner/kommunerlista.8288.html
Lidköping,http://www.lidkoping.se/,,,,https://skr.se/kommunerochregioner/kommunerlista.8288.html
Lilla Edet,http://www.lillaedet.se/,,,,https://skr.se/kommunerochregioner/kommunerlista.8288.html
Lindesberg,http://www.lindesberg.se/,,,,https://skr.se/kommunerochregioner/kommunerlista.8288.html
Linköping,http://www.linkoping.se/,,,,https://skr.se/kommunerochregioner/kommunerlista.8288.html
Ljungby,http://www.ljungby.se/,,,,https://skr.se/kommunerochregioner/kommunerlista.8288.html
Ljusdal,https://www.ljusdal.se/,,,,https://skr.se/kommunerochregioner/kommunerlista.8288.html
Ljusnarsberg,http://www.ljusnarsberg.se/,,,,https://skr.se/kommunerochregioner/kommunerlista.8288.html
Lomma,http://www.lomma.se/,,,,https://skr.se/kommunerochregioner/kommunerlista.8288.html
Ludvika,http://www.ludvika.se/,,,,https://skr.se/kommunerochregioner/kommunerlista.8288.html
Luleå,http://www.lulea.se/,,,,https://skr.se/kommunerochregioner/kommunerlista.8288.html
Lund,http://www.lund.se/,,,,https://skr.se/kommunerochregioner/kommunerlista.8288.html
Lycksele,http://www.lycksele.se/,,,,https://skr.se/kommunerochregioner/kommunerlista.8288.html
Lysekil,http://www.lysekil.se/,,,,https://skr.se/kommunerochregioner/kommunerlista.8288.html
Malmö,http://www.malmo.se/,,,,https://skr.se/kommunerochregioner/kommunerlista.8288.html
Malung-Sälen,https://malung-salen.se/,,,,https://skr.se/kommunerochregioner/kommunerlista.8288.html
Malå,http://www.mala.se/,,,,https://skr.se/kommunerochregioner/kommunerlista.8288.html
Mariestad,http://www.mariestad.se/,,,,https://skr.se/kommunerochregioner/kommunerlista.8288.html
Mark,http://www.mark.se/,,,,https://skr.se/kommunerochregioner/kommunerlista.8288.html
Markaryd,http://www.markaryd.se/,,,,https://skr.se/kommunerochregioner/kommunerlista.8288.html
Mellerud,http://www.mellerud.se/,,,,https://skr.se/kommunerochregioner/kommunerlista.8288.html
Mjölby,https://www.mjolby.se/,,,,https://skr.se/kommunerochregioner/kommunerlista.8288.html
Mora,https://morakommun.se/,,,,https://skr.se/kommunerochregioner/kommunerlista.8288.html
Motala,http://www.motala.se/,,,,https://skr.se/kommunerochregioner/kommunerlista.8288.html
Mullsjö,http://www.mullsjo.se/,,,,https://skr.se/kommunerochregioner/kommunerlista.8288.html
Munkedal,http://www.munkedal.se/,,,,https://skr.se/kommunerochregioner/kommunerlista.8288.html
Munkfors,http://www.munkfors.se/,,,,https://skr.se/kommunerochregioner/kommunerlista.8288.html
Mölndal,http://www.molndal.se/,,,,https://skr.se/kommunerochregioner/kommunerlista.8288.html
Mönsterås,http://www.monsteras.se/,,,,https://skr.se/kommunerochregioner/kommunerlista.8288.html
Mörbylånga,http://www.morbylanga.se/,,,,https://skr.se/kommunerochregioner/kommunerlista.8288.html
Nacka,http://www.nacka.se/,,,,https://skr.se/kommunerochregioner/kommunerlista.8288.html
Nora,http://www.nora.se/,,,,https://skr.se/kommunerochregioner/kommunerlista.8288.html
Norberg,http://www.norberg.se/,,,,https://skr.se/kommunerochregioner/kommunerlista.8288.html
Nordanstig,http://www.nordanstig.se/,,,,https://skr.se/kommunerochregioner/kommunerlista.8288.html
Nordmaling,https://www.nordmaling.se/,,,,https://skr.se/kommunerochregioner/kommunerlista.8288.html
Norrköping,http://www.norrkoping.se/,,,,https://skr.se/kommunerochregioner/kommunerlista.8288.html
Norrtälje,https://www.norrtalje.se/,,,,https://skr.se/kommunerochregioner/kommunerlista.8288.html
Norsjö,http://www.norsjo.se/,,,,https://skr.se/kommunerochregioner/kommunerlista.8288.html
Nybro,http://www.nybro.se/,,,,https://skr.se/kommunerochregioner/kommunerlista.8288.html
Nykvarn,http://www.nykvarn.se/,,,,https://skr.se/kommunerochregioner/kommunerlista.8288.html
Nyköping,https://www.nykoping.se/,,,,https://skr.se/kommunerochregioner/kommunerlista.8288.html
Nynäshamn,http://www.nynashamn.se/,,,,https://skr.se/kommunerochregioner/kommunerlista.8288.html
Nässjö,http://www.nassjo.se/,,,,https://skr.se/kommunerochregioner/kommunerlista.8288.html
Ockelbo,https://www.ockelbo.se/,,,,https://skr.se/kommunerochregioner/kommunerlista.8288.html
Olofström,http://www.olofstrom.se/,,,,https://skr.se/kommunerochregioner/kommunerlista.8288.html
Orsa,http://www.orsa.se/,,,,https://skr.se/kommunerochregioner/kommunerlista.8288.html
Orust,http://www.orust.se/,,,,https://skr.se/kommunerochregioner/kommunerlista.8288.html
Osby,http://www.osby.se/,,,,https://skr.se/kommunerochregioner/kommunerlista.8288.html
Oskarshamn,https://www.oskarshamn.se/,,,,https://skr.se/kommunerochregioner/kommunerlista.8288.html
Ovanåker,http://www.ovanaker.se/,,,,https://skr.se/kommunerochregioner/kommunerlista.8288.html
Oxelösund,http://www.oxelosund.se/,,,,https://skr.se/kommunerochregioner/kommunerlista.8288.html
Pajala,http://www.pajala.se/,,,,https://skr.se/kommunerochregioner/kommunerlista.8288.html
Partille,http://www.partille.se/,,,,https://skr.se/kommunerochregioner/kommunerlista.8288.html
Perstorp,http://www.perstorp.se/,,,,https://skr.se/kommunerochregioner/kommunerlista.8288.html
Piteå,http://www.pitea.se/,,,,https://skr.se/kommunerochregioner/kommunerlista.8288.html
Ragunda,http://www.ragunda.se/,,,,https://skr.se/kommunerochregioner/kommunerlista.8288.html
Robertsfors,http://www.robertsfors.se/,,,,https://skr.se/kommunerochregioner/kommunerlista.8288.html
Ronneby,http://www.ronneby.se/,,,,https://skr.se/kommunerochregioner/kommunerlista.8288.html
Rättvik,http://www.rattvik.se/,,,,https://skr.se/kommunerochregioner/kommunerlista.8288.html
Sala,http://www.sala.se/,,,,https://skr.se/kommunerochregioner/kommunerlista.8288.html
Salem,http://www.salem.se/,,,,https://skr.se/kommunerochregioner/kommunerlista.8288.html
Sandviken,http://www.sandviken.se/,,,,https://skr.se/kommunerochregioner/kommunerlista.8288.html
Sigtuna,http://www.sigtuna.se/,,,,https://skr.se/kommunerochregioner/kommunerlista.8288.html
Simrishamn,http://www.simrishamn.se/,,,,https://skr.se/kommunerochregioner/kommunerlista.8288.html
Sjöbo,http://www.sjobo.se/,,,,https://skr.se/kommunerochregioner/kommunerlista.8288.html
Skara,http://www.skara.se/,,,,https://skr.se/kommunerochregioner/kommunerlista.8288.html
Skellefteå,http://www.skelleftea.se/,,,,https://skr.se/kommunerochregioner/kommunerlista.8288.html
Skinnskatteberg,http://www.skinnskatteberg.se/,,,,https://skr.se/kommunerochregioner/kommunerlista.8288.html
Skurup,http://www.skurup.se/,,,,https://skr.se/kommunerochregioner/kommunerlista.8288.html
Skövde,http://www.skovde.se/,,,,https://skr.se/kommunerochregioner/kommunerlista.8288.html
Smedjebacken,http://www.smedjebacken.se/,,,,https://skr.se/kommunerochregioner/kommunerlista.8288.html
Sollefteå,https://www.solleftea.se/,,,,https://skr.se/kommunerochregioner/kommunerlista.8288.html
Sollentuna,http://www.sollentuna.se/,,,,https://skr.se/kommunerochregioner/kommunerlista.8288.html
Solna,http://www.solna.se/,,,,https://skr.se/kommunerochregioner/kommunerlista.8288.html
Sorsele,http://www.sorsele.se/,,,,https://skr.se/kommunerochregioner/kommunerlista.8288.html
Sotenäs,http://www.sotenas.se/,,,,https://skr.se/kommunerochregioner/kommunerlista.8288.html
Staffanstorp,http://www.staffanstorp.se/,,,,https://skr.se/kommunerochregioner/kommunerlista.8288.html
Stenungsund,http://www.stenungsund.se/,,,,https://skr.se/kommunerochregioner/kommunerlista.8288.html
Stockholm,http://www.stockholm.se/,,,,https://skr.se/kommunerochregioner/kommunerlista.8288.html
Storfors,http://www.storfors.se/,,,,https://skr.se/kommunerochregioner/kommunerlista.8288.html
Storuman,http://www.storuman.se/,,,,https://skr.se/kommunerochregioner/kommunerlista.8288.html
Strängnäs,http://www.strangnas.se/,,,,https://skr.se/kommunerochregioner/kommunerlista.8288.html
Strömstad,http://www.stromstad.se/,,,,https://skr.se/kommunerochregioner/kommunerlista.8288.html
Strömsund,http://www.stromsund.se/,,,,https://skr.se/kommunerochregioner/kommunerlista.8288.html
Sundbyberg,http://www.sundbyberg.se/,,,,https://skr.se/kommunerochregioner/kommunerlista.8288.html
Sundsvall,https://sundsvall.se/,,,,https://skr.se/kommunerochregioner/kommunerlista.8288.html
Sunne,http://www.sunne.se/,,,,https://skr.se/kommunerochregioner/kommunerlista.8288.html
Surahammar,http://www.surahammar.se/,,,,https://skr.se/kommunerochregioner/kommunerlista.8288.html
Svalöv,http://www.svalov.se/,,,,https://skr.se/kommunerochregioner/kommunerlista.8288.html
Svedala,http://www.svedala.se/,,,,https://skr.se/kommunerochregioner/kommunerlista.8288.html
Svenljunga,https://www.svenljunga.se/,,,,https://skr.se/kommunerochregioner/kommunerlista.8288.html
Säffle,http://www.saffle.se/,,,,https://skr.se/kommunerochregioner/kommunerlista.8288.html
Säter,http://www.sater.se/,,,,https://skr.se/kommunerochregioner/kommunerlista.8288.html
Sävsjö,http://www.savsjo.se/,,,,https://skr.se/kommunerochregioner/kommunerlista.8288.html
Söderhamn,http://www.soderhamn.se/,,,,https://skr.se/kommunerochregioner/kommunerlista.8288.html
Söderköping,http://www.soderkoping.se/,,,,https://skr.se/kommunerochregioner/kommunerlista.8288.html
Södertälje,http://www.sodertalje.se/,,,,https://skr.se/kommunerochregioner/kommunerlista.8288.html
Sölvesborg,http://www.solvesborg.se/,,,,https://skr.se/kommunerochregioner/kommunerlista.8288.html
Tanum,http://www.tanum.se/,,,,https://skr.se/kommunerochregioner/kommunerlista.8288.html
Tibro,http://www.tibro.se/,,,,https://skr.se/kommunerochregioner/kommunerlista.8288.html
Tidaholm,http://www.tidaholm.se/,,,,https://skr.se/kommunerochregioner/kommunerlista.8288.html
Tierp,http://www.tierp.se/,,,,https://skr.se/kommunerochregioner/kommunerlista.8288.html
Timrå,http://www.timra.se/,,,,https://skr.se/kommunerochregioner/kommunerlista.8288.html
Tingsryd,http://www.tingsryd.se/,,,,https://skr.se/kommunerochregioner/kommunerlista.8288.html
Tjörn,http://www.tjorn.se/,,,,https://skr.se/kommunerochregioner/kommunerlista.8288.html
Tomelilla,http://www.tomelilla.se/,,,,https://skr.se/kommunerochregioner/kommunerlista.8288.html
Torsby,http://www.torsby.se/,,,,https://skr.se/kommunerochregioner/kommunerlista.8288.html
Torsås,https://www.torsas.se/,,,,https://skr.se/kommunerochregioner/kommunerlista.8288.html
Tranemo,http://www.tranemo.se/,,,,https://skr.se/kommunerochregioner/kommunerlista.8288.html
Tranås,http://www.tranas.se/,,,,https://skr.se/kommunerochregioner/kommunerlista.8288.html
Trelleborg,http://www.trelleborg.se/,,,,https://skr.se/kommunerochregioner/kommunerlista.8288.html
Trollhättan,http://www.trollhattan.se/,,,,https://skr.se/kommunerochregioner/kommunerlista.8288.html
Trosa,http://www.trosa.se/,,,,https://skr.se/kommunerochregioner/kommunerlista.8288.html
Tyresö,http://www.tyreso.se/,,,,https://skr.se/kommunerochregioner/kommunerlista.8288.html
Täby,http://www.taby.se/,,,,https://skr.se/kommunerochregioner/kommunerlista.8288.html
Töreboda,http://www.toreboda.se/,,,,https://skr.se/kommunerochregioner/kommunerlista.8288.html
Uddevalla,http://www.uddevalla.se/,,,,https://skr.se/kommunerochregioner/kommunerlista.8288.html
Ulricehamn,http://www.ulricehamn.se/,,,,https://skr.se/kommunerochregioner/kommunerlista.8288.html
Umeå,http://www.umea.se/,,,,https://skr.se/kommunerochregioner/kommunerlista.8288.html
Upplands-Bro,http://www.upplands-bro.se/,,,,https://skr.se/kommunerochregioner/kommunerlista.8288.html
Upplands Väsby,http://www.upplandsvasby.se/,,,,https://skr.se/kommunerochregioner/kommunerlista.8288.html
Uppsala,https://www.uppsala.se/,,,,https://skr.se/kommunerochregioner/kommunerlista.8288.html
Uppvidinge,http://www.uppvidinge.se/,,,,https://skr.se/kommunerochregioner/kommunerlista.8288.html
Vadstena,http://www.vadstena.se/,,,,https://skr.se/kommunerochregioner/kommunerlista.8288.html
Vaggeryd,http://www.vaggeryd.se/,,,,https://skr.se/kommunerochregioner/kommunerlista.8288.html
Valdemarsvik,http://www.valdemarsvik.se/,,,,https://skr.se/kommunerochregioner/kommunerlista.8288.html
Vallentuna,https://www.vallentuna.se/,,,,https://skr.se/kommunerochregioner/kommunerlista.8288.html
Vansbro,http://www.vansbro.se/,,,,https://skr.se/kommunerochregioner/kommunerlista.8288.html
Vara,http://www.vara.se/,,,,https://skr.se/kommunerochregioner/kommunerlista.8288.html
Varberg,http://www.varberg.se/,,,,https://skr.se/kommunerochregioner/kommunerlista.8288.html
Vaxholm,http://www.vaxholm.se/,,,,https://skr.se/kommunerochregioner/kommunerlista.8288.html
Vellinge,http://www.vellinge.se/,,,,https://skr.se/kommunerochregioner/kommunerlista.8288.html
Vetlanda,http://www.vetlanda.se/,,,,https://skr.se/kommunerochregioner/kommunerlista.8288.html
Vilhelmina,http://www.vilhelmina.se/,,,,https://skr.se/kommunerochregioner/kommunerlista.8288.html
Vimmerby,http://www.vimmerby.se/,,,,https://skr.se/kommunerochregioner/kommunerlista.8288.html
Vindeln,http://www.vindeln.se/,,,,https://skr.se/kommunerochregioner/kommunerlista.8288.html
Vingåker,http://www.vingaker.se/,,,,https://skr.se/kommunerochregioner/kommunerlista.8288.html
Vårgårda,http://www.vargarda.se/,,,,https://skr.se/kommunerochregioner/kommunerlista.8288.html
Vänersborg,http://www.vanersborg.se/,,,,https://skr.se/kommunerochregioner/kommunerlista.8288.html
Vännäs,http://www.vannas.se/,,,,https://skr.se/kommunerochregioner/kommunerlista.8288.html
Värmdö,http://www.varmdo.se/,,,,https://skr.se/kommunerochregioner/kommunerlista.8288.html
Värnamo,http://www.varnamo.se/,,,,https://skr.se/kommunerochregioner/kommunerlista.8288.html
Västervik,http://www.vastervik.se/,,,,https://skr.se/kommunerochregioner/kommunerlista.8288.html
Västerås,http://www.vasteras.se/,,,,https://skr.se/kommunerochregioner/kommunerlista.8288.html
Växjö,http://www.vaxjo.se/,,,,https://skr.se/kommunerochregioner/kommunerlista.8288.html
Ydre,http://www.ydre.se/,,,,https://skr.se/kommunerochregioner/kommunerlista.8288.html
Ystad,http://www.ystad.se/,,,,https://skr.se/kommunerochregioner/kommunerlista.8288.html
Åmål,http://www.amal.se/,,,,https://skr.se/kommunerochregioner/kommunerlista.8288.html
Ånge,http://www.ange.se/,,,,https://skr.se/kommunerochregioner/kommunerlista.8288.html
Åre,https://www.are.se/,,,,https://skr.se/kommunerochregioner/kommunerlista.8288.html
Årjäng,http://www.arjang.se/,,,,https://skr.se/kommunerochregioner/kommunerlista.8288.html
Åsele,http://www.asele.se/,,,,https://skr.se/kommunerochregioner/kommunerlista.8288.html
Åstorp,http://www.astorp.se/,,,,https://skr.se/kommunerochregioner/kommunerlista.8288.html
Åtvidaberg,http://www.atvidaberg.se/,,,,https://skr.se/kommunerochregioner/kommunerlista.8288.html
Älmhult,http://www.almhult.se/,,,,https://skr.se/kommunerochregioner/kommunerlista.8288.html
Älvdalen,http://www.alvdalen.se/,,,,https://skr.se/kommunerochregioner/kommunerlista.8288.html
Älvkarleby,http://www.alvkarleby.se/,,,,https://skr.se/kommunerochregioner/kommunerlista.8288.html
Älvsbyn,http://www.alvsbyn.se/,,,,https://skr.se/kommunerochregioner/kommunerlista.8288.html
Ängelholm,http://www.engelholm.se/,,,,https://skr.se/kommunerochregioner/kommunerlista.8288.html
Öckerö,http://www.ockero.se/,,,,https://skr.se/kommunerochregioner/kommunerlista.8288.html
Ödeshög,http://www.odeshog.se/,,,,https://skr.se/kommunerochregioner/kommunerlista.8288.html
Örebro,http://www.orebro.se/,,,,https://skr.se/kommunerochregioner/kommunerlista.8288.html
Örkelljunga,http://www.orkelljunga.se/,,,,https://skr.se/kommunerochregioner/kommunerlista.8288.html
Örnsköldsvik,http://www.ornskoldsvik.se/,,,,https://skr.se/kommunerochregioner/kommunerlista.8288.html
Östersund,http://www.ostersund.se/,,,,https://skr.se/kommunerochregioner/kommunerlista.8288.html
Österåker,https://www.osteraker.se/,,,,https://skr.se/kommunerochregioner/kommunerlista.8288.html
Östhammar,http://www.osthammar.se/,,,,https://skr.se/kommunerochregioner/kommunerlista.8288.html
Östra Göinge,http://www.ostragoinge.se/,,,,https://skr.se/kommunerochregioner/kommunerlista.8288.html
Överkalix,http://www.overkalix.se/,,,,https://skr.se/kommunerochregioner/kommunerlista.8288.html
Övertorneå,http://www.overtornea.se/,,,,https://skr.se/kommunerochregioner/kommunerlista.8288.html